{
  "name": "democratic debate 2015 10 13.",
  "estimatedLength": 117,
  "totalWordsSpoken": 22363,
  "mostUniqueWords": [
    "concerned",
    "affect",
    "onboard",
    "latino",
    "measure",
    "legalize",
    "ballot",
    "smoked",
    "twice",
    "resident",
    "christiane",
    "amanpour",
    "smoke",
    "pot",
    "legalizing",
    "wait",
    "female",
    "ceo",
    "fortune",
    "company",
    "argues",
    "hire",
    "proposing",
    "taxpayer",
    "rest",
    "economically",
    "daughters",
    "values",
    "gold",
    "standard",
    "concluded",
    "seat",
    "defense",
    "fund",
    "father",
    "asking",
    "elect",
    "dealing",
    "reforming",
    "save"
  ],
  "candidates": [
    {
      "name": "Lincoln Chafee",
      "totalWords": 1751,
      "speakingTime": 9,
      "averageWordUsage": {
        "thank": 0.020356234096692113,
        "americans": 0.017811704834605598,
        "new": 0.010178117048346057,
        "president": 0.017811704834605598,
        "world": 0.010178117048346057,
        "decision": 0.010178117048346057,
        "mayor": 0.010178117048346057,
        "senator": 0.017811704834605598,
        "governor": 0.010178117048346057,
        "tax": 0.010178117048346057,
        "iraq": 0.01272264631043257,
        "middle": 0.01272264631043257,
        "east": 0.010178117048346057,
        "rhode": 0.010178117048346057,
        "island": 0.010178117048346057,
        "proud": 0.01272264631043257,
        "judgment": 0.010178117048346057,
        "want": 0.015267175572519083,
        "change": 0.015267175572519083,
        "believe": 0.010178117048346057,
        "wars": 0.01272264631043257,
        "looking": 0.010178117048346057,
        "issues": 0.01272264631043257,
        "said": 0.010178117048346057,
        "changed": 0.010178117048346057,
        "government": 0.010178117048346057,
        "time": 0.020356234096692113,
        "gun": 0.01272264631043257,
        "lobby": 0.01272264631043257,
        "vote": 0.017811704834605598,
        "bring": 0.010178117048346057,
        "say": 0.01272264631043257,
        "amendment": 0.010178117048346057,
        "let": 0.01272264631043257,
        "just": 0.027989821882951654,
        "american": 0.020356234096692113,
        "know": 0.010178117048346057,
        "iran": 0.010178117048346057
      },
      "importantWords": {
        "thank": 11.33032585499324,
        "want": 8.49774439124493,
        "peace": 7.051457288616511,
        "electing": 7.051457288616511,
        "address": 6.240527072400182,
        "state": 6.240527072400182,
        "years": 6.240527072400182,
        "look": 6.240527072400182,
        "future": 6.240527072400182,
        "debate": 6.240527072400182,
        "governor": 5.66516292749662,
        "mayor": 5.66516292749662,
        "senator": 5.218875824868201,
        "president": 5.218875824868201,
        "tragedy": 3.5257286443082556,
        "year": 3.5257286443082556,
        "voters": 3.5257286443082556,
        "brought": 3.5257286443082556,
        "labor": 3.5257286443082556,
        "assess": 3.5257286443082556
      },
      "issueRelevance": {}
    },
    {
      "name": "Jim Webb",
      "totalWords": 2821,
      "speakingTime": 15,
      "averageWordUsage": {
        "people": 0.02900763358778626,
        "way": 0.0183206106870229,
        "political": 0.012213740458015267,
        "day": 0.00916030534351145,
        "government": 0.010687022900763359,
        "power": 0.00916030534351145,
        "world": 0.010687022900763359,
        "country": 0.0183206106870229,
        "vietnam": 0.00916030534351145,
        "marine": 0.00916030534351145,
        "years": 0.012213740458015267,
        "senate": 0.00916030534351145,
        "justice": 0.012213740458015267,
        "criminal": 0.010687022900763359,
        "reform": 0.00916030534351145,
        "right": 0.012213740458015267,
        "party": 0.00916030534351145,
        "lot": 0.013740458015267175,
        "look": 0.00916030534351145,
        "need": 0.024427480916030534,
        "going": 0.010687022900763359,
        "american": 0.00916030534351145,
        "let": 0.00916030534351145,
        "iran": 0.00916030534351145,
        "say": 0.015267175572519083,
        "greatest": 0.00916030534351145,
        "china": 0.00916030534351145,
        "time": 0.013740458015267175
      },
      "importantWords": {
        "empowering": 3.8622008809294686,
        "disgusted": 3.8622008809294686,
        "turnstile": 3.8622008809294686,
        "corrupted": 3.8622008809294686,
        "intimidating": 3.8622008809294686,
        "incumbents": 3.8622008809294686,
        "street": 3.456735772821304,
        "wall": 3.456735772821304,
        "sector": 3.456735772821304,
        "parties": 3.456735772821304,
        "financial": 3.169053700369523,
        "money": 2.9459101490553135,
        "political": 2.9459101490553135,
        "day": 2.9459101490553135,
        "process": 2.9459101490553135,
        "know": 2.9459101490553135,
        "power": 2.7635885922613586,
        "thank": 2.7635885922613586,
        "government": 2.6094379124341005,
        "people": 1.8472978603872037
      },
      "issueRelevance": {}
    },
    {
      "name": "Martin O'Malley",
      "totalWords": 3272,
      "speakingTime": 17,
      "averageWordUsage": {
        "kids": 0.009695290858725761,
        "better": 0.012465373961218837,
        "lives": 0.013850415512465374,
        "things": 0.0110803324099723,
        "years": 0.012465373961218837,
        "america": 0.0110803324099723,
        "president": 0.012465373961218837,
        "country": 0.0221606648199446,
        "percent": 0.015235457063711912,
        "need": 0.02077562326869806,
        "actually": 0.02077562326869806,
        "make": 0.013850415512465374,
        "american": 0.013850415512465374,
        "people": 0.03462603878116344,
        "believe": 0.013850415512465374,
        "lot": 0.012465373961218837,
        "anderson": 0.029085872576177285,
        "city": 0.009695290858725761,
        "think": 0.012465373961218837,
        "senator": 0.013850415512465374,
        "nra": 0.009695290858725761,
        "nation": 0.013850415512465374,
        "secretary": 0.009695290858725761
      },
      "importantWords": {
        "kids": 13.681472514601717,
        "better": 12.788898309344878,
        "injustice": 11.12415060330663,
        "learned": 11.12415060330663,
        "country": 10.437751649736402,
        "families": 10.261104385951288,
        "president": 8.582257022145019,
        "action": 8.227030618420748,
        "itself": 8.227030618420748,
        "future": 7.41610040220442,
        "great": 7.41610040220442,
        "debt": 7.41610040220442,
        "solve": 7.41610040220442,
        "need": 7.226301650915847,
        "life": 6.8407362573008585,
        "long": 6.8407362573008585,
        "years": 6.029806041084529,
        "things": 5.721504681430012,
        "people": 4.19722457733622,
        "shoulders": 4.113515309210374
      },
      "issueRelevance": {
        "Debt-Free College": 0.3848709563251006,
        "Clean Energy Future": 0.37371377875939016,
        "Gun Reform": 0.27362945029203434,
        "Immigration Reform": 0.24805623117908346,
        "Criminal Justice Reform": 0.21908503133022467,
        "Campaign Finance Reform": 0.17794987823812092,
        "Financial Reform": 0.13681472514601717,
        "National Service": 0.10261104385951288,
        "Expand Social Security": 0.08227030618420748,
        "Foreign Policy": 0.04113515309210374,
        "Homeland Security": 0.04113515309210374,
        "Trade Policy": 0.04113515309210374,
        "Addiction Treatment": 0
      }
    },
    {
      "name": "Bernie Sanders",
      "totalWords": 4621,
      "speakingTime": 24,
      "averageWordUsage": {
        "think": 0.04,
        "country": 0.05647058823529412,
        "today": 0.01411764705882353,
        "class": 0.009411764705882352,
        "years": 0.010588235294117647,